<?xml version="1.0" encoding="UTF-8"?>
<beans xmlns="http://www.springframework.org/schema/beans"
	xmlns:xsi="http://www.w3.org/2001/XMLSchema-instance"
	xmlns:context="http://www.springframework.org/schema/context"
	xmlns:jdbc="http://www.springframework.org/schema/jdbc"
	xsi:schemaLocation="http://www.springframework.org/schema/jdbc http://www.springframework.org/schema/jdbc/spring-jdbc-4.3.xsd
		http://www.springframework.org/schema/beans http://www.springframework.org/schema/beans/spring-beans.xsd
		http://www.springframework.org/schema/context http://www.springframework.org/schema/context/spring-context-4.3.xsd">
	<!-- 3. mapperScannerConfigurer -->
	<bean id="myDao" class="org.mybatis.spring.mapper.MapperScannerConfigurer">
		<property name="basePackage" value="com.company.dao"/>
		<property name="annotationClass" value="com.company.dao.MyDao"/>
		
	</bean>
	
	<!-- 2. mapper -->
	<bean id="sqlSessionFactory" class="org.mybatis.spring.SqlSessionFactoryBean">
		<property name="dataSource" ref="datasource"/>
		<property name ="configLocation" value="classpath:config/mybatis-config.xml" />
		<property name="mapperLocations">
			<list>
				<value>classpath:config/test-mapper.xml</value>
			</list>
		</property>
	</bean>
	<bean id="sqlSession" class="org.mybatis.spring.SqlSessionTemplate">
		<constructor-arg ref="sqlSessionFactory"/>
	</bean>
	
	<!-- 1. datasource -->
	<context:property-placeholder location="classpath:config/db.properties"/>
	<bean id="datasource" class="org.springframework.jdbc.datasource.SimpleDriverDataSource">
		<property name="driverClass" value="${db.driverClass}"></property>
		<property name="url" value="${db.url}"></property>
		<property name="username" value="${db.username}"></property>
		<property name="password" value="${db.password}"></property>
	</bean>
</beans>
